date,kospi,total_jo,samsung_pct,hynix_pct,sum_pct,n_stocks,method
2025-11-03,4221.87,3464.1,18.75,13.074,31.825,1227,full
2025-11-04,4121.74,3379.4,18.147,12.667,30.814,1227,full
2025-11-05,4004.42,3281.6,17.922,12.889,30.811,1227,full
2025-11-06,4026.45,3298.3,17.583,13.133,30.717,1227,full
2025-11-07,3953.76,3239.0,17.671,13.081,30.751,1227,full
2025-11-10,4073.24,3335.8,17.631,13.271,30.902,1227,full
2025-11-11,4106.39,3364.3,17.985,13.44,31.426,1227,full
2025-11-12,4150.39,3399.0,17.733,13.26,30.994,1227,full
2025-11-13,4170.63,3416.4,17.592,13.086,30.677,1227,full
2025-11-14,4011.57,3284.9,17.299,12.453,29.752,1227,full
2025-11-17,4089.25,3349.4,17.559,13.216,30.776,1227,full
2025-11-18,3953.62,3237.9,17.658,12.859,30.518,1227,full
2025-11-19,3929.51,3217.8,17.533,12.758,30.291,1227,full
2025-11-20,4004.85,3280.0,17.931,12.717,30.647,1227,full
2025-11-21,3853.26,3155.9,17.562,12.06,29.622,1227,full
2025-11-24,3846.06,3149.6,17.95,12.061,30.01,1227,full
2025-11-25,3857.78,3163.1,18.353,11.986,30.339,1227,full
2025-11-26,3960.87,3247.1,18.509,11.788,30.297,1227,full
2025-11-27,3986.91,3265.9,18.528,12.168,30.695,1227,full
2025-11-28,3926.59,3216.0,18.269,12.038,30.308,1227,full
2025-12-01,3920.37,3212.7,18.343,12.233,30.576,1231,full
2025-12-02,3994.93,3272.7,18.471,12.455,30.926,1232,full
2025-12-03,4036.3,3303.5,18.494,12.206,30.7,1232,full
2025-12-04,4028.51,3298.1,18.63,12.005,30.635,1232,full
2025-12-05,4100.05,3357.8,18.874,11.835,30.708,1232,full
2025-12-08,4154.85,3402.2,18.816,12.389,31.205,1232,full
2025-12-09,4143.55,3392.4,18.681,12.188,30.869,1232,full
2025-12-10,4135.0,3385.9,18.648,12.664,31.312,1232,full
2025-12-11,4110.62,3366.4,18.634,12.26,30.895,1232,full
2025-12-12,4167.16,3410.9,18.665,12.229,30.894,1232,full
2025-12-15,4090.59,3347.8,18.301,12.088,30.39,1233,full
2025-12-16,3999.13,3272.8,18.363,11.83,30.193,1233,full
2025-12-17,4056.41,3323.2,18.982,12.112,31.094,1233,full
2025-12-18,3994.51,3271.6,19.228,12.325,31.553,1233,full
2025-12-19,4020.55,3293.5,18.87,12.133,31.002,1233,full
2025-12-22,4105.93,3363.9,19.204,12.595,31.799,1233,full
2025-12-23,4117.32,3373.7,19.322,12.645,31.967,1233,full
2025-12-24,4108.62,3366.8,19.292,12.758,32.05,1233,full
2025-12-26,4129.68,3384.3,20.211,12.929,33.141,1233,full
2025-12-29,4220.56,3457.2,20.208,13.523,33.731,1233,full
2025-12-30,4214.17,3451.1,20.311,13.78,34.091,1233,full
2026-01-02,4309.63,3531.9,21.271,14.002,35.273,1233,full
2026-01-05,4457.52,3656.3,22.081,13.905,35.987,1233,full
2026-01-06,4525.48,3711.5,21.879,14.289,36.168,1233,full
2026-01-07,4551.06,3733.5,22.079,14.518,36.597,1233,full
2026-01-08,4552.37,3732.9,21.738,14.794,36.532,1233,full
2026-01-09,4586.32,3761.5,21.604,14.449,36.053,1233,full
2026-01-12,4624.79,3793.9,21.389,14.421,35.81,1233,full
2026-01-13,4692.64,3848.8,20.901,14.007,34.909,1233,full
2026-01-14,4723.1,3874.2,21.172,13.991,35.163,1233,full
2026-01-15,4797.55,3936.2,21.373,13.9,35.273,1233,full
2026-01-16,4840.74,3975.5,21.897,13.892,35.789,1233,full
2026-01-19,4904.66,4028.1,21.669,13.855,35.524,1233,full
2026-01-20,4885.75,4009.3,21.173,13.537,34.71,1233,full
2026-01-21,4909.93,4032.5,21.674,13.405,35.079,1233,full
2026-01-22,4952.53,4065.6,21.9,13.565,35.466,1233,full
2026-01-23,4990.07,4095.5,21.712,13.681,35.393,1233,full
2026-01-26,4949.59,4062.2,21.89,13.235,35.125,1233,full
2026-01-27,5084.85,4172.9,22.346,14.005,36.351,1233,full
2026-01-28,5170.81,4245.0,22.366,14.472,36.838,1233,full
2026-01-29,5221.25,4285.0,21.925,14.678,36.604,1233,full
2026-01-30,5224.36,4287.4,21.885,15.487,37.373,1233,full
2026-02-02,4949.67,4060.1,21.657,14.933,36.59,1233,full
2026-02-03,5288.08,4338.7,22.57,15.271,37.841,1233,full
2026-02-04,5371.1,4405.2,22.442,14.924,37.366,1233,full
2026-02-05,5163.57,4233.5,21.999,14.529,36.528,1233,full
2026-02-06,5089.14,4173.0,22.22,14.687,36.907,1233,full
2026-02-09,5298.04,4342.0,22.405,14.923,37.328,1233,full
2026-02-10,5301.69,4343.6,22.316,14.732,37.048,1233,full
2026-02-11,5354.49,4387.3,22.36,14.319,36.679,1233,full
2026-02-12,5522.27,4525.6,23.072,14.333,37.405,1233,full
2026-02-13,5507.01,4517.7,23.449,14.229,37.678,1233,full
2026-02-19,5677.25,4659.7,23.838,14.015,37.853,1233,full
2026-02-20,5808.53,4766.1,23.318,14.545,37.863,1233,full
2026-02-23,5846.09,4795.4,23.529,14.487,38.016,1233,full
2026-02-24,5969.64,4898.4,23.87,14.987,38.857,1238,full
2026-02-25,6083.86,4992.3,23.831,14.896,38.727,1238,full
2026-02-26,6307.27,5177.1,24.618,15.507,40.125,1238,full
2026-02-27,6244.13,5123.8,24.703,15.126,39.829,1238,full
2026-03-03,5791.91,4748.8,24.019,14.444,38.463,1238,full
2026-03-04,5093.54,4178.1,24.095,14.844,38.939,1238,full
2026-03-05,5583.9,4585.6,24.427,14.99,39.418,1241,full
2026-03-06,5584.87,4587.3,23.985,14.714,38.699,1250,full
2026-03-09,5251.87,4314.5,23.51,14.154,37.664,1250,full
2026-03-10,5532.59,4550.3,24.142,15.059,39.2,1250,full
2026-03-11,5609.95,4615.5,24.066,15.115,39.181,1250,full
2026-03-12,5583.25,4590.3,23.931,14.8,38.731,1250,full
2026-03-13,5487.24,4513.3,23.77,14.729,38.498,1250,full
2026-03-16,5549.85,4567.6,24.152,15.577,39.729,1250,full
2026-03-17,5640.48,4642.0,24.421,15.265,39.685,1250,full
2026-03-18,5925.03,4876.9,24.995,15.818,40.812,1251,full
2026-03-19,5763.22,4742.8,24.715,15.602,40.317,1251,full
2026-03-20,5781.2,4752.4,24.53,15.479,40.009,1251,full
2026-03-23,5405.75,4445.0,24.503,15.333,39.836,1251,full
2026-03-24,5553.92,4566.5,24.287,15.773,40.06,1251,full
2026-03-25,5642.21,4636.8,23.83,15.675,39.505,1251,full
2026-03-26,5460.46,4484.3,23.48,15.199,38.679,1251,full
2026-03-27,5438.87,4467.0,23.518,15.077,38.596,1251,full
2026-03-30,5277.3,4333.0,23.787,14.718,38.505,1251,full
2026-03-31,5052.46,4146.6,23.573,14.216,37.79,1251,full
2026-04-01,5478.7,4498.5,24.641,14.501,39.142,1251,full
2026-04-02,5234.05,4295.5,24.281,14.115,38.396,1251,full
2026-04-03,5377.3,4415.3,24.654,14.493,39.147,1251,full
2026-04-06,5450.33,4477.3,25.214,14.455,39.67,1251,full
2026-04-07,5494.78,4515.0,25.444,14.82,40.264,1254,full
2026-04-08,5872.34,4824.7,25.507,15.64,41.147,1257,full
2026-04-09,5778.01,4747.6,25.121,15.356,40.476,1257,full
2026-04-10,5858.87,4814.0,25.018,15.584,40.602,1257,full
2026-04-13,5808.62,4772.7,24.621,15.918,40.539,1257,full
2026-04-14,5967.75,4903.5,24.62,16.432,41.052,1257,full
2026-04-15,6091.39,5003.7,24.653,16.584,41.237,1257,full
2026-04-16,6226.05,5115.2,24.859,16.494,41.353,1257,full
2026-04-17,6191.92,5086.2,24.828,16.201,41.029,1257,full
2026-04-20,6219.09,5108.5,24.548,16.673,41.221,1257,full
2026-04-21,6388.47,5248.7,24.393,17.035,41.428,1257,full
2026-04-22,6417.93,5273.4,24.113,16.941,41.054,1257,full
2026-04-23,6475.81,5322.6,24.659,16.812,41.471,1257,full
2026-04-24,6475.63,5320.6,24.119,16.777,40.896,1257,full
2026-04-27,6615.03,5438.7,24.132,17.353,41.486,1257,full
2026-04-28,6641.02,5460.2,23.77,17.392,41.162,1257,full
2026-04-29,6690.9,5502.8,24.011,17.164,41.175,1257,full
2026-04-30,6598.87,5425.7,23.759,17.314,41.074,1265,full
2026-05-04,6936.99,5707.3,23.816,18.521,42.337,1265,full
2026-05-06,7384.56,6082.7,25.566,19.227,44.793,1265,full
2026-05-07,7490.05,6164.0,25.75,19.601,45.352,1265,full
2026-05-08,7498.0,6169.7,25.443,19.962,45.405,1265,full
2026-05-11,7822.24,6441.7,25.911,21.319,47.23,1265,full
2026-05-12,7643.15,6291.3,25.926,21.306,47.233,1265,full
2026-05-13,7844.01,6456.8,25.715,22.356,48.07,1265,full
2026-05-14,7981.41,6569.5,26.341,21.905,48.247,1265,full
2026-05-15,7493.18,6166.1,25.647,21.55,47.196,1265,full
2026-05-18,7516.04,6188.9,26.544,21.718,48.263,1265,full
2026-05-19,7271.66,5987.8,26.899,21.288,48.187,1265,full
2026-05-20,7208.95,5935.3,27.186,21.477,48.663,1265,full
2026-05-21,7815.59,6431.1,27.226,22.036,49.262,1269,full
2026-05-22,7847.71,6456.2,26.487,21.962,48.448,1269,full
2026-05-26,8047.51,6618.0,26.413,22.65,49.063,1269,full
2026-05-27,8228.7,6769.3,26.514,24.205,50.719,1271,full
2026-05-28,8185.29,6734.0,26.002,24.831,50.832,1271,full
2026-05-29,8476.15,6976.6,26.564,24.428,50.992,1271,full
2026-06-01,8788.38,7248.9,28.147,23.812,51.959,1271,full
2026-06-02,8801.49,7260.1,29.03,23.746,52.775,1273,full
2026-06-04,8639.41,7119.7,28.863,23.578,52.441,1273,full
2026-06-05,8160.59,6726.5,28.595,22.48,51.075,1273,full
2026-06-08,7484.41,6169.4,28.002,22.627,50.63,1273,full
2026-06-09,8096.93,6671.2,28.218,24.254,52.473,1273,full
2026-06-10,7730.82,6366.6,27.778,23.498,51.276,1273,full
2026-06-11,7763.95,6395.1,27.334,23.999,51.333,1273,full
2026-06-12,8123.62,6693.4,28.168,23.464,51.632,1273,full
2026-06-15,8545.98,7040.1,27.985,23.741,51.726,1273,full
2026-06-16,8726.6,7191.5,27.884,24.196,52.08,1273,full
2026-06-17,8864.24,7304.8,27.732,25.21,52.942,1273,full
2026-06-18,9063.84,7467.8,28.379,26.264,54.643,1273,full
2026-06-19,9052.42,7455.4,27.759,27.082,54.841,1273,full
2026-06-22,9114.55,7509.8,27.519,28.394,55.913,1273,full
2026-06-23,8203.84,6760.7,26.807,27.607,54.414,1273,full
2026-06-24,8471.02,6980.3,28.518,27.0,55.518,1273,full
2026-06-25,8930.3,7368.9,28.442,28.917,57.359,1273,full
2026-06-26,8411.21,6939.5,28.602,28.138,56.739,1273,full
2026-06-29,8394.65,6917.0,27.3,27.754,55.054,1273,full
2026-06-30,8476.48,6984.7,27.956,27.715,55.671,1273,full
2026-07-01,8303.41,6840.1,26.88,27.34,54.22,1273,full
2026-07-02,7648.09,6298.4,26.547,25.365,51.912,1273,full
2026-07-03,8088.34,6668.2,27.135,26.565,53.7,1273,full
2026-07-06,8051.33,6641.8,27.991,25.769,53.76,1273,full
2026-07-07,7656.31,6313.2,27.411,25.467,52.878,1281,full
2026-07-08,7246.79,5975.5,27.15,25.379,52.528,1281,full
2026-07-09,7291.91,6011.8,27.035,26.562,53.597,1281,full
2026-07-10,7475.94,6165.6,27.024,25.828,52.852,1281,full
2026-07-13,6806.93,5612.8,26.509,24.012,50.521,1281,full
2026-07-14,6856.83,5657.4,27.178,24.701,51.879,1281,full
2026-07-15,7284.41,6008.3,27.196,25.313,52.51,1283,full
2026-07-16,6820.6,5619.0,26.531,23.947,50.478,1283,full
2026-07-20,6516.27,5372.9,26.55,23.983,50.533,1283,full
2026-07-21,6747.95,5567.9,27.195,24.088,51.283,1283,full
2026-07-22,6797.7,5611.5,27.14,23.823,50.963,1283,full
2026-07-23,7096.89,5856.4,26.953,23.936,50.889,1283,full
2026-07-24,6690.62,5518.3,26.433,23.285,49.718,1283,full
2026-07-27,6755.75,5573.0,26.646,23.804,50.449,1283,full
2026-07-28,6023.66,4968.0,25.89,22.791,48.681,1283,full
2026-07-29,5663.24,4676.1,26.068,21.886,47.954,1283,full
2026-07-30,5593.56,4618.5,26.203,20.91,47.112,1283,full
2026-07-31,6595.45,5452.4,28.146,23.017,51.163,1283,full
2026-08-03,6257.45,5171.9,27.073,22.133,49.206,1283,full
2026-08-04,6358.95,5251.6,26.718,21.936,48.653,1283,full
2026-08-05,6598.26,5449.5,26.391,22.359,48.75,1283,full
2026-08-06,6296.38,5198.2,25.924,21.009,46.933,1283,full
2026-08-07,6258.77,5166.3,26.14,20.107,46.247,1283,full
2026-08-10,6299.66,5200.4,25.856,19.946,45.803,1283,full
2026-08-11,6345.53,5243.4,26.704,19.852,46.556,1283,full
2026-08-12,6579.04,5435.5,27.481,20.213,47.693,1283,full
2026-08-13,6813.34,5624.3,27.858,20.69,48.548,1283,full
2026-08-14,6977.94,5762.3,27.85,20.854,48.704,1283,full
2026-08-18,6869.83,5670.7,27.681,21.41,49.091,1283,full
2026-08-19,6471.17,5340.1,27.096,20.519,47.615,1285,full
2026-08-20,6852.58,5654.8,28.017,21.844,49.862,1285,full
2026-08-21,6912.95,5717.7,28.783,22.102,50.885,1240,full
2026-08-24,6722.01,5559.8,27.235,22.297,49.531,1240,fast
2026-08-25,6742.74,5576.9,26.941,21.979,48.921,1240,fast
2026-08-26,6808.21,5631.1,27.149,21.898,49.047,1240,fast
2026-08-27,6912.37,5717.2,27.2,22.104,49.305,1240,fast
2026-08-28,6788.88,5602.0,26.821,21.555,48.376,1287,full
2026-08-31,6820.02,5627.7,27.01,21.729,48.739,1287,fast
2026-09-01,6835.8,5640.7,27.051,21.925,48.976,1287,fast
2026-09-02,6562.72,5415.4,27.043,21.758,48.801,1287,fast
2026-09-03,6579.48,5429.2,26.92,21.474,48.394,1287,fast
2026-09-04,6687.21,5523.6,27.042,21.781,48.824,1287,full
2026-09-07,6995.39,5778.2,27.318,22.541,49.86,1287,fast
2026-09-08,6954.52,5744.4,27.428,22.801,50.229,1287,fast
2026-09-09,7051.64,5824.6,27.05,23.277,50.327,1287,fast
2026-09-10,7033.92,5810.0,27.068,23.298,50.366,1287,fast
